,City,Cloudiness,Country,Date,Humidity,Lat,Lng,Max Temp,Wind Speed
0,nicosia,20,CY,1624721686,21,35.1667,33.3667,96.49,12.66
1,honiara,100,SB,1624721175,90,-9.4333,159.95,76.75,8.46
2,imbituba,76,BR,1624721687,70,-28.24,-48.6703,67.89,15.48
3,rikitea,1,PF,1624721687,76,-23.1203,-134.9692,73.76,7.4
4,zhigansk,99,RU,1624721687,81,66.7697,123.3711,61.59,9.06
5,chokurdakh,100,RU,1624721688,60,70.6333,147.9167,57.36,8.86
6,bethel,75,US,1624721688,75,41.3712,-73.414,82.35,1.01
7,mar del plata,75,ES,1624721688,81,43.4002,-4.0094,70.38,5.99
8,provideniya,100,RU,1624721689,88,64.3833,-173.3,43.32,11.74
9,yumen,4,CN,1624721689,21,40.2833,97.2,81.66,10.65
10,jamestown,20,US,1624721611,50,42.097,-79.2353,80.19,10.0
11,aransas pass,1,US,1624721689,71,28.1003,-96.9836,89.69,11.5
12,ushuaia,0,AR,1624721414,75,-54.8,-68.3,38.86,5.75
13,bluff,73,NZ,1624721690,92,-46.6,168.3333,43.81,7.78
14,alyangula,11,AU,1624721690,94,-13.8483,136.4192,64.27,0.0
15,saskylakh,74,RU,1624721691,58,71.9167,114.0833,46.09,7.09
16,baiyin,93,CN,1624721691,54,36.5583,104.2081,70.68,0.56
17,karpogory,92,RU,1624721691,44,64.0019,44.4451,77.07,4.38
18,kingaroy,90,AU,1624721691,87,-26.5333,151.8333,50.04,5.75
19,buraydah,0,SA,1624721692,6,26.326,43.975,109.85,5.08
20,bengkulu,69,ID,1624721117,88,-3.8004,102.2655,76.87,5.59
21,tongchuan,94,CN,1624721692,63,35.0806,109.0897,74.53,3.2
22,pulandian,72,CN,1624721693,88,39.3953,121.9669,71.73,10.98
23,norman wells,90,US,1624721114,94,35.2226,-97.4395,72.48,16.11
24,mahebourg,75,MU,1624721144,94,-20.4081,57.7,71.26,16.11
25,constitucion,0,CL,1624721693,52,-35.3333,-72.4167,50.54,11.74
26,viseu,50,PT,1624721525,30,40.661,-7.9097,77.86,9.98
27,hobart,75,AU,1624721694,91,-42.8794,147.3294,51.12,1.01
28,santiago del estero,75,CL,1624721656,76,-33.4569,-70.6483,53.17,3.44
29,kapuskasing,90,CA,1624721694,73,49.4169,-82.4331,75.29,5.75
30,moussoro,59,TD,1624721695,11,13.6408,16.4901,107.17,8.28
31,ribeira brava,75,ES,1624721695,68,42.7461,-8.4439,72.09,5.75
32,kavieng,91,PG,1624721695,77,-2.5744,150.7967,81.57,8.41
33,talnakh,99,RU,1624721696,60,69.4865,88.3972,47.53,17.49
34,tasiilaq,100,GL,1624721124,62,65.6145,-37.6368,48.36,3.58
35,victoria,96,HK,1624721696,90,22.2855,114.1577,86.38,1.01
36,mazatlan,75,MX,1624721683,84,23.2167,-106.4167,86.02,1.99
37,cidreira,100,BR,1624721697,94,-30.1811,-50.2056,60.96,12.97
38,lebu,11,CL,1624721113,76,-37.6167,-73.65,46.71,4.47
39,evensk,27,RU,1624721698,82,61.95,159.2333,53.76,0.69
40,florianopolis,75,BR,1624721609,79,-27.6146,-48.5012,70.56,6.91
41,ponta do sol,55,PT,1624721167,76,38.7333,-28.2667,65.08,14.34
42,punta arenas,70,PH,1624721166,90,8.9897,125.34,77.25,5.48
43,heilbronn,92,DE,1624721698,61,49.1403,9.22,79.9,6.78
44,shache,0,CN,1624721699,19,38.4167,77.2406,81.25,10.25
45,bredasdorp,33,ZA,1624721699,63,-34.5322,20.0403,58.32,16.11
46,sao joao da barra,100,IN,1624721200,67,20.5113,76.2129,80.26,9.84
47,sibolga,75,ID,1624721700,90,1.7427,98.7792,75.76,3.6
48,qaanaaq,22,GL,1624721115,71,77.484,-69.3632,40.37,2.71
49,longyearbyen,20,SJ,1624720906,81,78.2186,15.6401,42.64,5.75
50,mataura,100,NZ,1624721700,97,-46.1927,168.8643,43.48,3.74
51,sitka,90,US,1624721700,94,57.0531,-135.33,55.29,5.75
52,atuona,81,PF,1624721701,73,-9.8,-139.0333,79.05,19.66
53,mys shmidta,35,RU,1624721177,36,62.0589,48.6201,80.56,2.8
54,nuevo progreso,1,US,1624721702,60,33.8014,-117.1459,91.44,0.0
55,carnarvon,100,AU,1624721117,44,-24.8667,113.6333,48.27,5.75
56,albany,100,US,1624721649,71,42.6001,-73.9662,80.51,9.95
57,santa maria,72,PH,1624721231,88,17.486,120.4348,79.25,3.04
58,bend,1,US,1624721703,47,44.0582,-121.3153,78.73,1.99
59,avarua,75,CK,1624721703,78,-21.2078,-159.775,73.45,16.11
60,ancud,43,CL,1624721703,72,-41.8697,-73.8203,45.93,2.15
61,butaritari,100,KI,1624721704,73,3.0707,172.7902,83.43,14.0
62,guasdualito,89,VE,1624721704,82,7.2424,-70.7324,81.7,2.98
63,necochea,100,AR,1624721112,57,-38.5473,-58.7368,54.03,13.62
64,cape town,0,CL,1624721704,69,-36.413,-71.9028,36.82,10.69
65,borzya,77,RU,1624721705,74,50.3833,116.5167,67.78,1.97
66,petropavlovsk-kamchatskiy,75,RU,1624721219,100,53.0452,158.6483,46.99,0.0
67,georgetown,20,MY,1624721705,80,5.4112,100.3354,82.35,0.0
68,yantai,54,CN,1624721706,83,37.5333,121.4,70.74,11.79
69,dingle,100,PH,1624721123,88,10.9995,122.6711,78.22,2.46
70,north bend,92,FR,1624721706,68,50.3333,3.6667,73.11,3.67
71,sola,75,VU,1624721706,94,-13.8833,167.55,75.87,0.0
72,itarema,21,BR,1624721228,59,-2.9248,-39.9167,84.78,8.43
73,maralal,89,KE,1624721707,61,1.0968,36.698,64.63,1.95
74,port-cartier,100,CA,1624721707,97,50.0334,-66.8654,62.82,3.44
75,arraial do cabo,41,BR,1624721166,39,-22.8362,-46.646,81.88,5.23
76,nikolskoye,38,RU,1624721708,63,59.7035,30.7861,78.4,7.87
77,kenai,1,US,1624721499,91,60.5544,-151.2583,50.02,3.44
78,flinders,0,AU,1624721257,69,-34.5833,150.8552,54.18,4.0
79,moron,100,AR,1624721550,82,-34.6534,-58.6198,57.02,8.01
80,lagoa,22,PT,1624721708,78,39.05,-27.9833,67.14,10.07
81,snezhnogorsk,99,RU,1624721708,60,69.1933,33.2531,56.98,4.07
82,mbanza-ngungu,83,CD,1624721709,50,-5.25,14.8667,81.21,3.91
83,kapaa,75,US,1624721709,78,22.0752,-159.319,73.72,6.91
84,saint-philippe,39,RE,1624721710,81,-21.3585,55.7679,71.19,11.54
85,bourail,92,NC,1624721450,80,-21.5667,165.4833,70.07,4.12
86,padang,100,ID,1624721176,88,-0.9492,100.3543,77.9,5.28
87,kyaikkami,95,MM,1624721710,85,16.08,97.5675,80.76,11.7
88,nome,90,US,1624721595,82,64.5011,-165.4064,53.67,9.22
89,busselton,0,AU,1624721711,64,-33.65,115.3333,54.05,20.56
90,hermanus,53,ZA,1624721711,71,-34.4187,19.2345,57.9,15.52
91,salaga,100,GH,1624721711,58,8.5508,-0.5188,86.22,3.47
92,atlantic city,40,US,1624721712,78,39.4668,-74.6663,84.13,1.01
93,chuy,73,UY,1624721712,83,-33.6971,-53.4616,60.3,10.31
94,new norfolk,99,LR,1624721426,78,6.6518,-10.5932,87.03,4.72
95,tukrah,0,LY,1624721713,48,32.5341,20.5791,86.58,8.9
96,mareeba,25,AU,1624721713,98,-17.0,145.4333,66.92,2.91
97,yele,92,CM,1624721713,25,10.7323,13.5891,93.31,9.86
98,fortuna,90,US,1624721714,100,40.5982,-124.1573,54.52,0.0
99,kangaatsiaq,100,GL,1624721714,85,68.3065,-53.4641,39.88,18.92
100,piacabucu,53,BR,1624721714,57,-10.4056,-36.4344,79.61,9.24
101,barrow,90,US,1624721485,93,71.2906,-156.7887,35.62,13.8
102,port hardy,41,CD,1624721715,47,-7.0349,29.7638,76.89,3.49
103,bambous virieux,55,MU,1624721191,80,-20.2567,57.4061,70.14,9.69
104,tuktoyaktuk,90,CA,1624721715,100,69.4541,-133.0374,41.0,5.75
105,khatanga,100,RU,1624721716,47,71.9667,102.5,49.64,3.85
106,ilulissat,75,GL,1624721716,87,69.2167,-51.1,46.42,10.36
107,castro,68,BR,1624721717,55,-24.7911,-50.0119,72.75,10.51
108,souillac,75,MU,1624721717,94,-20.5167,57.5167,71.37,16.11
109,carira,35,BR,1624721718,53,-10.3608,-37.7011,78.78,11.92
110,lodja,75,CD,1624721718,30,-3.4833,23.4333,88.32,2.46
111,caravelas,83,BR,1624721718,53,-17.7125,-39.2481,77.07,9.82
112,port-gentil,90,GA,1624721719,74,-0.7193,8.7815,80.56,12.66
113,sabang,89,ID,1624721719,77,5.8933,95.3214,81.37,25.3
114,mount gambier,35,GB,1624721213,73,53.6597,-1.8537,69.24,3.0
115,ayan,11,RU,1624721720,85,56.45,138.1667,49.37,6.6
116,upernavik,100,GL,1624721720,77,72.7868,-56.1549,39.69,5.35
117,peniche,41,PT,1624721210,78,39.3558,-9.3811,80.08,12.39
118,arman,90,RU,1624721720,90,59.7,150.1667,52.25,3.44
119,ambanja,4,MG,1624721721,86,-13.6833,48.45,70.9,3.15
120,tautira,0,PF,1624721296,70,-17.7333,-149.15,73.42,4.7
121,porto murtinho,75,PT,1624721721,72,41.1496,-8.611,75.29,1.99
122,port alfred,32,CD,1624721160,44,-7.0349,29.7638,79.21,1.72
123,tim,64,RU,1624721721,73,51.6222,37.1244,81.32,6.62
124,puerto ayora,0,ES,1624721174,69,36.5939,-6.233,84.31,11.5
125,mersing,14,MY,1624721722,94,2.4312,103.8405,78.71,3.44
126,torbay,75,CA,1624721722,57,47.6666,-52.7314,72.88,20.71
127,shihezi,25,CN,1624721723,41,44.3,86.0333,65.86,2.93
128,teixeira,10,BR,1624721723,26,-7.2228,-37.2542,85.6,9.46
129,kodiak,90,US,1624721642,87,57.79,-152.4072,49.51,10.36
130,adrar,39,MR,1624721723,7,20.5022,-10.0711,107.91,4.25
131,anadyr,75,RU,1624721724,80,64.75,177.4833,41.5,4.0
132,leh,58,IN,1624721724,34,34.1667,77.5833,57.97,5.95
133,half moon bay,99,LR,1624721204,79,6.3807,-10.6953,87.69,5.32
134,tazovskiy,8,RU,1624721725,58,67.4667,78.7,47.57,11.65
135,shaunavon,15,CA,1624721725,55,49.6501,-108.4181,69.58,15.66
136,usinsk,99,RU,1624721725,58,65.9939,57.5281,66.02,6.35
137,coihaique,20,CL,1624721185,81,-45.5752,-72.0662,37.35,4.61
138,sao filipe,100,IN,1624721237,67,20.5113,76.2129,80.26,9.84
139,thompson,1,CA,1624721726,44,55.7435,-97.8558,57.36,2.3
140,fez,0,MA,1624721726,24,34.0372,-4.9998,95.25,10.36
141,mecca,81,SA,1624721716,25,21.4267,39.8261,96.66,9.84
142,marsa matruh,0,MT,1624721181,33,35.8792,14.4953,94.01,10.36
143,tigil,32,RU,1624721223,93,57.8,158.6667,42.35,3.51
144,ponta delgada,65,PT,1624721727,76,38.7333,-28.2667,65.08,15.46
145,ixtapa,75,MX,1624721182,83,20.7,-105.2,78.22,0.0
146,asyut,0,EG,1624721188,14,27.181,31.1837,99.63,17.13
147,esperance,0,AU,1624721727,59,-33.8667,121.9,48.04,12.39
148,ugoofaaru,95,MV,1624721728,75,5.6667,73.0,82.22,13.67
149,katsuura,100,JP,1624721185,90,35.1333,140.3,75.11,5.44
150,beringovskiy,19,RU,1624721728,74,63.05,179.3167,39.56,7.87
151,dikson,93,RU,1624721729,91,73.5069,80.5464,31.91,4.56
152,tete,0,MZ,1624721447,26,-16.1564,33.5867,86.09,4.61
153,hilo,90,US,1624721729,94,19.7297,-155.09,71.62,5.75
154,krasnotorka,100,UA,1624721729,61,48.682,37.5327,82.62,7.61
155,teguise,20,ES,1624721730,57,29.0605,-13.564,75.42,18.41
156,hofn,2,IS,1624721730,51,64.2539,-15.2082,59.11,7.74
157,kanye,0,BW,1624721731,22,-24.9667,25.3327,58.5,8.12
158,port elizabeth,32,CD,1624721160,44,-7.0349,29.7638,79.21,1.72
159,pevek,100,RU,1624721731,61,69.7008,170.3133,40.15,7.96
160,cururupu,18,BR,1624721731,63,-1.8283,-44.8683,84.97,4.85
161,bagdarin,99,RU,1624721732,91,54.4333,113.6,55.65,0.31
162,college,75,US,1624721148,63,64.8569,-147.8028,62.91,0.0
163,asau,32,RO,1624721212,57,46.4333,26.4,80.96,3.98
164,lisakovsk,69,KZ,1624721511,54,52.5369,62.4936,74.66,7.58
165,vaini,20,TO,1624721732,73,-21.2,-175.2,71.76,12.66
166,thiadiaye,44,SN,1624721733,51,14.4205,-16.7056,77.81,14.32
167,klaksvik,75,FO,1624721733,85,62.2266,-6.589,52.72,14.25
168,asfi,29,MA,1624721734,72,32.2994,-9.2372,72.79,16.73
169,scarborough,46,GB,1624721734,72,54.2797,-0.4044,65.86,3.0
170,zyryanka,44,RU,1624721734,43,65.75,150.85,63.41,5.86
171,broome,1,US,1624721735,66,42.2506,-75.833,81.54,3.0
172,esil,78,KZ,1624721735,46,51.9556,66.4042,69.58,9.46
173,bow island,90,US,1624721735,76,43.1331,-71.5491,80.19,5.01
174,agadez,1,NE,1624721736,6,19.75,10.25,105.22,14.85
175,mehamn,100,NO,1624721736,91,71.0357,27.8492,46.36,17.72
176,voh,80,NC,1624721736,83,-20.9667,164.7,69.26,5.46
177,dunmore town,40,US,1624721459,74,41.4198,-75.6324,79.03,3.0
178,haines junction,90,US,1624721202,94,59.2286,-135.4441,53.35,4.61
179,nuevo casas grandes,1,US,1624721737,53,33.8014,-117.1459,91.44,1.01
180,nacala,8,MZ,1624721737,70,-14.5428,40.6728,72.39,6.78
181,awbari,0,LY,1624721738,8,26.5921,12.7805,103.51,16.49
182,yellowknife,20,CA,1624721528,68,62.456,-114.3525,70.32,13.8
183,nanortalik,64,GL,1624721163,88,60.1432,-45.2371,48.06,5.73
184,saint-augustin,100,CA,1624721738,90,51.226,-58.6502,58.14,16.35
185,atar,19,MR,1624721738,8,20.5169,-13.0499,109.24,14.16
186,kruisfontein,1,ZA,1624721739,69,-34.0033,24.7314,58.89,22.03
187,lata,52,PT,1624721739,39,40.1629,-8.3327,81.05,9.28
188,brae,99,GB,1624721199,68,60.3964,-1.353,51.71,13.8
189,vikramasingapuram,81,IN,1624721739,79,8.714,77.3893,81.55,8.5
190,hualmay,41,PE,1624721285,74,-11.0964,-77.6139,65.48,9.89
191,punta de piedra,77,PH,1624721740,91,8.9897,125.34,76.86,5.14
192,homer,90,US,1624721492,79,59.6425,-151.5483,51.69,0.0
193,sakiai,75,LT,1624721741,72,54.9547,23.0358,75.45,9.6
194,uthal,31,PK,1624721741,75,25.8072,66.6219,83.61,15.23
195,mildura,5,AU,1624721499,81,-34.2,142.15,44.56,4.61
196,gua,26,IN,1624721742,85,22.2,85.3833,79.03,4.59
197,irituia,23,BR,1624721742,52,-1.7711,-47.4381,89.04,4.65
198,goderich,100,CA,1624721269,83,43.7501,-81.7165,74.91,11.5
199,joensuu,0,FI,1624721233,53,62.6012,29.7632,77.49,5.75
200,mahibadhoo,99,MV,1624721540,74,3.7833,72.9667,82.92,12.91
201,itoman,40,JP,1624721743,94,26.1247,127.6694,81.37,14.97
202,bathsheba,40,BB,1624721743,54,13.2167,-59.5167,86.61,24.16
203,nemuro,41,JP,1624721192,94,43.3236,145.575,54.52,3.02
204,bara,48,NG,1624721744,40,10.3744,10.7288,94.46,5.95
205,dongsheng,95,CN,1624721154,27,39.8161,109.9776,76.46,10.85
206,champerico,99,GT,1624721744,71,14.3,-91.9167,87.76,5.99
207,deniliquin,25,AU,1624721745,77,-35.5333,144.9667,46.99,6.22
208,gushikawa,75,JP,1624721745,91,26.3544,127.8686,80.6,13.8
209,khash,0,IR,1624721745,11,28.2211,61.2158,84.31,9.06
210,alindao,38,CF,1624721746,61,5.0267,21.2088,85.32,0.85
211,gibsons,0,CA,1624721746,61,49.3997,-123.5027,82.45,2.98
212,magadan,93,RU,1624721747,89,59.5667,150.8,52.72,4.97
213,kaitangata,87,NZ,1624721747,95,-46.2817,169.8464,44.65,3.58
214,hithadhoo,97,MV,1624721739,72,-0.6,73.0833,82.92,14.45
215,lixourion,0,GR,1624721747,25,38.2019,20.4314,98.6,13.8
216,owen sound,97,DE,1624721748,57,48.5833,9.45,77.25,4.88
217,malanje,6,AO,1624721748,26,-9.5402,16.341,81.43,3.96
218,maniitsoq,97,GL,1624721749,95,65.4167,-52.9,41.67,10.96
219,zonguldak,3,TR,1624721749,70,41.25,31.8333,72.36,2.39
220,aykhal,100,RU,1624721749,66,66.0,111.5,62.44,7.43
221,zatoka,39,UA,1624721749,57,46.0725,30.4654,86.54,11.79
222,boyolangu,60,ID,1624721750,94,-8.1181,111.8935,75.85,1.19
223,bandarbeyla,63,SO,1624721750,81,9.4942,50.8122,77.34,32.73
224,samarai,98,PG,1624721751,86,-10.6167,150.6667,78.55,7.85
225,puerto princesa,0,ES,1624721751,68,36.5939,-6.233,86.61,11.5
226,trincomalee,100,LK,1624721751,72,8.5711,81.2335,82.63,18.12
227,karratha,27,AU,1624721225,40,-20.7377,116.8463,65.01,8.37
228,yar-sale,45,RU,1624721223,45,66.8333,70.8333,52.3,8.32
229,sierra vista,79,CO,1624721752,76,5.1536,-74.9901,73.47,3.04
230,cumana,11,VE,1624721753,73,10.4635,-64.1775,84.29,7.07
231,kumluca,0,TR,1624721177,46,36.3703,30.2869,89.76,4.65
232,tarakan,19,ID,1624721753,72,3.3,117.6333,82.81,5.82
233,hasaki,100,JP,1624721753,88,35.7333,140.8333,70.29,5.55
234,jamsa,72,FI,1624721754,72,61.8642,25.19,72.32,4.41
235,ribeira grande,75,ES,1624721169,68,42.7461,-8.4439,72.09,5.75
236,wuzhou,99,CN,1624721754,90,23.4833,111.3167,78.31,1.9
237,alofi,92,NU,1624721754,83,-19.0595,-169.9187,71.49,21.85
238,dieppe,100,FR,1624721477,81,49.75,1.1667,71.22,7.14
239,turukhansk,100,RU,1624721195,85,65.8167,87.9833,46.76,3.02
240,miyako,65,JP,1624721755,93,39.6367,141.9525,63.7,3.53
241,pio ix,75,PH,1624721755,89,15.0466,120.5181,84.51,4.61
242,touros,74,BR,1624721756,51,-5.1989,-35.4608,86.9,18.25
243,poso,100,ID,1624721756,85,-1.3959,120.7524,76.95,4.74
244,sao geraldo do araguaia,84,IN,1624721757,70,20.5113,76.2129,79.61,10.13
245,cherskiy,100,RU,1624721757,44,68.75,161.3,62.37,6.26
246,barra do garcas,0,BR,1624721757,33,-11.0894,-43.1417,84.81,3.36
247,rawson,63,AR,1624721585,61,-43.3002,-65.1023,45.63,27.83
248,vaitape,12,PF,1624721758,76,-16.5167,-151.75,80.06,7.02
249,labuan,20,MY,1624721758,94,5.2767,115.2417,80.96,3.0
250,cabo san lucas,58,BR,1624721216,54,-8.2833,-35.0333,80.53,13.69
251,madang,84,PG,1624721758,91,-5.2246,145.7966,76.35,2.06
252,kodinsk,31,RU,1624721296,91,58.6881,99.1844,53.22,5.48
253,berlevag,100,NO,1624721759,84,70.8578,29.0864,47.35,15.46
254,saldanha,61,ZA,1624721235,66,-33.0117,17.9442,60.85,5.32
255,vestmannaeyjar,0,IS,1624721759,76,63.4427,-20.2734,54.59,18.41
256,maumere,92,ID,1624721760,81,-8.6199,122.2111,79.16,0.94
257,cozumel,20,MX,1624721754,70,20.5083,-86.9458,87.78,6.91
258,gizo,92,SB,1624721760,79,-8.103,156.8419,81.05,4.21
259,port macquarie,32,CD,1624721239,44,-7.0349,29.7638,79.21,1.72
260,khuzhir,70,RU,1624721761,85,53.1939,107.3397,52.18,9.15
261,diapaga,45,BF,1624721761,29,12.0708,1.7889,98.44,2.37
262,yueyang,100,CN,1624721762,78,29.3333,113.0919,82.89,6.04
263,terenos,0,BR,1624721762,30,-20.4422,-54.8603,89.31,20.71
264,mount isa,35,GB,1624721235,73,53.6597,-1.8537,69.24,3.0
265,faanui,12,PF,1624721763,76,-16.4833,-151.75,80.06,7.09
266,hirado,100,JP,1624721763,74,33.3597,129.5531,76.35,4.5
267,barranca,64,PE,1624721763,71,-10.75,-77.7667,66.33,10.04
268,lompoc,90,US,1624721164,84,34.6391,-120.4579,68.92,4.61
269,dolinsk,100,RU,1624721764,96,47.35,142.8,48.06,3.24
270,soyo,47,AO,1624721764,81,-6.1349,12.3689,78.85,8.03
271,esso,100,RU,1624721170,98,55.9333,158.7,43.66,5.75
272,tual,79,ID,1624721765,78,-5.6667,132.75,81.12,22.7
273,robertson,1,US,1624721765,67,36.5167,-86.8667,84.4,11.5
274,miri,40,MY,1624721765,94,4.4148,114.0089,78.94,2.3
275,biak,100,ID,1624721766,84,-0.9131,122.8766,75.88,4.65
276,innisfail,100,AU,1624721766,80,-17.5333,146.0333,70.0,7.16
277,makakilo city,1,US,1624721286,81,21.3524,-158.0865,71.31,4.61
278,carlsbad,90,US,1624721644,82,33.1581,-117.3506,82.71,1.99
279,mackay,98,AU,1624721766,88,-21.15,149.2,63.05,9.22
280,praia da vitoria,90,CV,1624721767,78,14.9215,-23.5087,77.54,21.85
281,ust-kulom,26,RU,1624721767,59,61.6864,53.6902,69.66,5.23
282,bosaso,92,SO,1624721767,61,11.2842,49.1816,88.39,6.22
283,islamkot,0,PK,1624721768,62,24.6997,70.177,86.63,21.59
284,baker city,40,US,1624721768,81,30.5882,-91.1682,87.82,9.22
285,pesaro,55,IT,1624721768,62,43.9036,12.8903,91.53,4.0
286,gornopravdinsk,71,RU,1624721769,61,60.05,69.9,62.71,5.75
287,portland,0,US,1624721623,67,45.5234,-122.6762,82.62,1.99
288,kurumkan,5,RU,1624721769,71,54.3,110.3,63.77,3.04
289,kutum,91,SD,1624721770,13,14.2,24.6667,92.91,15.3
290,alghero,0,IT,1624721770,37,40.5589,8.3181,84.29,17.27
291,leningradskiy,55,RU,1624721770,66,69.3833,178.4167,41.49,6.91
292,bonthe,100,SL,1624721205,73,7.5264,-12.505,81.39,10.13
293,pandan,28,PH,1624721771,81,14.0453,124.1694,79.88,3.6
294,bubaque,88,GW,1624721771,78,11.2833,-15.8333,81.21,12.12
295,cabatuan,100,PH,1624721771,87,10.8794,122.486,77.54,2.06
296,matara,92,LK,1624721772,87,5.9485,80.5353,78.03,11.03
297,shingu,100,JP,1624721772,88,33.7333,135.9833,72.91,4.65
298,jinchang,9,CN,1624721772,47,38.4953,102.1739,73.22,4.36
299,san andres,23,ML,1624721203,26,13.3034,-4.8956,99.3,7.47
300,haverfordwest,95,GB,1624721773,72,51.8017,-4.9691,65.34,5.35
301,inhambane,0,MZ,1624721773,83,-23.865,35.3833,75.18,11.5
302,tilichiki,71,RU,1624721774,87,60.4667,166.1,48.38,2.64
303,kloulklubed,100,PW,1624721774,73,7.0419,134.2556,75.7,7.2
304,torit,99,SS,1624721774,54,4.4133,32.5678,81.46,2.66
305,roma,90,US,1624721244,72,43.2128,-75.4557,78.66,3.44
306,bardiyah,0,LY,1624721775,59,31.7561,25.0865,84.13,16.37
307,aklavik,62,CA,1624721775,68,68.2191,-135.0107,49.03,3.31
308,carupano,12,VE,1624721775,67,10.6678,-63.2585,85.08,8.9
309,meulaboh,98,ID,1624721212,87,4.1363,96.1285,76.84,2.48
310,cayenne,40,GF,1624721776,74,4.9333,-52.3333,87.84,5.01
311,east london,33,IS,1624721179,26,65.0,-15.0,67.75,26.35
312,palmer,90,US,1624721678,74,42.1584,-72.3287,81.21,1.01
313,luanda,17,AO,1624721024,73,-8.8368,13.2343,76.98,13.58
314,katangli,100,RU,1624721777,93,51.7102,143.2326,43.32,7.7
315,geraldton,87,AU,1624721188,76,-28.7667,114.6,48.61,13.8
316,luderitz,0,NA,1624721777,64,-26.6481,15.1594,60.28,13.4
317,lorengau,48,PG,1624721778,80,-2.0226,147.2712,80.29,5.41
318,hudson bay,40,US,1624721778,72,40.7168,-74.0663,85.08,11.99
319,kahului,1,US,1624721510,81,20.8947,-156.47,73.85,5.75
320,whitecourt,20,CA,1624721778,53,54.1502,-115.6855,74.44,10.36
321,kattivakkam,100,IN,1624721779,76,13.2167,80.3167,87.89,13.53
322,kadoma,100,JP,1624721779,71,34.7333,135.5833,75.18,1.99
323,pitimbu,85,BR,1624721260,57,-7.4706,-34.8086,86.59,18.43
324,ntcheu,5,MW,1624721780,52,-14.8203,34.6359,62.29,2.57
325,manzanillo,2,CU,1624721780,64,20.3433,-77.1167,84.78,3.85
326,san-pedro,100,CI,1624721780,79,4.7485,-6.6363,80.01,6.73
327,sinnamary,34,GF,1624721781,73,5.3833,-52.95,81.97,9.37
328,port lincoln,32,CD,1624721160,44,-7.0349,29.7638,79.21,1.72
329,pirgos,0,GR,1624721781,46,35.1167,25.7178,91.08,6.08
330,husavik,0,IS,1624721185,51,66.0449,-17.3389,69.71,8.95
331,ceyhan,6,TR,1624721781,46,37.0247,35.8175,91.74,11.74
332,cartagena del chaira,75,CO,1624721777,70,10.3997,-75.5144,83.82,10.36
333,wamba,100,NG,1624721277,63,8.9333,8.6,84.6,5.14
334,sorong,100,ID,1624721782,83,-0.8833,131.25,78.89,3.96
335,faya,96,SA,1624721783,15,18.3851,42.4509,84.72,13.38
336,clyde river,100,US,1624721783,73,41.3042,-82.9752,81.59,19.01
337,vostochnyy,92,RU,1624721783,44,55.8167,37.8667,89.78,3.47
338,salalah,75,OM,1624721784,83,17.0151,54.0924,82.49,12.66
339,anloga,100,GH,1624721784,80,5.7947,0.8973,73.62,11.03
340,narsaq,97,GL,1624721784,81,60.9167,-46.05,57.42,4.14
341,vila velha,100,PT,1624721187,54,42.0304,-8.1588,73.74,7.83
342,kamen-na-obi,100,RU,1624721785,83,53.7884,81.3423,55.22,3.65
343,verkhoyansk,79,RU,1624721785,42,67.5447,133.385,70.14,5.17
344,trapani,0,IT,1624721785,62,37.8333,12.6667,90.28,10.36
345,grand river south east,40,US,1624721203,46,38.8755,-109.5012,72.59,11.32
346,beloha,11,MG,1624721786,73,-25.1667,45.05,65.53,4.23
347,port blair,32,CD,1624721193,44,-7.0349,29.7638,79.21,1.72
348,ust-kuyga,74,RU,1624721786,63,70.0167,135.6,56.17,5.08
349,hami,98,CN,1624721787,16,42.8,93.45,87.15,10.11
350,svetlogorsk,17,BY,1624721220,60,52.6333,29.7333,83.05,7.11
351,komsomolskiy,1,UZ,1624721787,20,40.4272,71.7189,86.72,2.3
352,pisco,40,PE,1624721702,68,-13.7,-76.2167,67.01,3.44
353,payakumbuh,99,ID,1624721788,98,-0.2202,100.6308,69.1,3.44
354,murchison,100,NZ,1624721788,100,-41.8,172.3333,54.86,3.33
355,erenhot,0,CN,1624721788,36,43.6475,111.9767,78.12,9.6
356,nishihara,75,JP,1624721789,94,26.1842,127.7558,80.65,13.8
357,prince rupert,3,CA,1624721789,58,52.9669,-108.3847,68.16,5.35
358,darlowo,41,PL,1624721789,71,54.421,16.4107,64.74,9.64
359,san quintin,19,ML,1624721790,25,13.3034,-4.8956,100.09,8.86
360,tiksi,71,RU,1624721790,82,71.6872,128.8694,35.53,5.73
361,vostok,25,RU,1624721221,86,46.4856,135.8833,58.87,4.65
362,smithers,20,CA,1624721279,77,54.7804,-127.1743,64.72,2.3
363,villazon,68,BO,1624721791,8,-22.0866,-65.5942,49.64,5.57
364,svidnik,52,SK,1624721792,64,49.3082,21.5703,78.19,9.8
365,nouadhibou,7,MR,1624721278,65,20.931,-17.0347,76.98,17.27
366,oktyabrskoye,83,RU,1624721792,55,43.0645,44.7417,86.14,4.47
367,young,84,UY,1624721793,68,-32.6833,-57.6333,57.22,7.31
368,kharan,0,PK,1624721793,10,28.5833,65.4167,94.41,6.17
369,wad madani,43,RU,1624721793,81,55.5301,44.2114,77.36,7.14
370,puerto escondido,0,ES,1624721294,69,36.5939,-6.233,84.31,11.5
371,zhuhai,40,CN,1624721282,94,22.2769,113.5678,86.11,8.05
372,tam ky,32,NE,1624721794,15,13.1339,12.1367,104.49,7.99
373,businga,66,CD,1624721794,68,3.3333,20.8833,79.75,3.67
374,viedma,98,AR,1624721795,61,-40.8135,-62.9967,47.97,20.09
375,haapiti,0,PF,1624721795,72,-17.5667,-149.8667,74.93,6.38
376,acapulco,90,MX,1624721565,78,16.8634,-99.8901,76.82,4.61
377,iqaluit,75,CA,1624721751,70,63.7506,-68.5145,42.53,10.0
378,yarada,75,IN,1624721796,74,17.65,83.2667,86.32,3.44
379,severo-kurilsk,64,RU,1624721796,94,50.6789,156.125,43.39,13.67
380,jacareacanga,70,BR,1624721796,39,-6.2222,-57.7528,92.7,4.85
381,sabha,0,LY,1624721541,7,27.0377,14.4283,104.34,20.18
382,abu dhabi,8,IN,1624721797,45,24.6,72.7,79.12,7.65
383,derzhavinsk,51,KZ,1624721797,44,51.1,66.3167,70.61,10.02
384,grand gaube,31,US,1624721797,40,38.8755,-109.5012,74.95,12.88
385,ituverava,4,BR,1624721798,24,-20.3394,-47.7806,81.12,7.61
386,mugur-aksy,90,RU,1624721798,79,50.35,90.5,44.42,5.68
387,mackenzie,1,CA,1624721798,77,55.2999,-123.1698,66.42,0.0
388,lavrentiya,100,RU,1624721799,85,65.5833,-171.0,43.83,7.81
389,linxia,29,CN,1624721799,82,35.6003,103.2064,60.84,4.18
390,tambacounda,40,SN,1624721799,31,13.7539,-13.7586,86.05,6.91
391,curumani,100,CO,1624721800,67,9.1999,-73.5427,83.7,1.77
392,balaipungut,82,ID,1624721800,93,1.05,101.2833,79.21,1.79
393,yining,83,CN,1624721800,94,29.0361,114.5636,77.31,2.39
394,sambava,3,MG,1624721800,84,-14.2667,50.1667,72.0,10.89
395,udimskiy,12,RU,1624721801,52,61.1417,45.9144,78.75,0.36
396,ramanathapuram,99,IN,1624721801,58,9.3833,78.8333,87.3,13.44
397,tevriz,81,RU,1624721802,72,57.509,72.4042,59.86,5.75
398,podyuga,74,RU,1624721802,83,61.095,40.8647,73.83,6.89
399,dongkan,48,CN,1624721802,91,33.9997,119.8308,73.06,7.99
400,muros,100,ES,1624721803,64,42.7762,-9.0603,72.68,14.65
401,gunjur,75,GM,1624721803,78,13.2019,-16.7339,80.67,8.05
402,cairns,90,AU,1624721803,83,-16.9167,145.7667,71.55,8.05
403,laguna,1,US,1624721804,70,38.421,-121.4238,80.96,3.44
404,aktau,46,KZ,1624721804,40,43.65,51.2,95.58,5.79
405,gravelbourg,32,CA,1624721804,62,49.8834,-106.5512,66.47,12.75
406,aljezur,26,PT,1624721805,56,37.3191,-8.8033,73.15,11.56
407,surgut,0,RU,1624721805,42,61.25,73.4167,66.38,6.71
408,hamilton,75,US,1624721602,71,39.1834,-84.5333,83.25,3.0
409,nuuk,75,GL,1624721805,93,64.1835,-51.7216,45.21,12.66
410,kokopo,74,PG,1624721806,86,-4.352,152.2633,75.72,4.61
411,fare,13,PF,1624721806,75,-16.7,-151.0167,80.38,8.59
412,doba,84,TD,1624721806,48,8.65,16.85,88.5,6.55
413,kabare,36,CD,1624721807,70,-2.4683,28.8242,66.4,0.89
414,rundu,7,NA,1624721807,19,-17.9333,19.7667,71.22,2.08
415,santa maria del oro,78,PH,1624721807,89,17.486,120.4348,78.57,3.51
416,teterow,82,DE,1624721808,52,53.7833,12.5667,69.96,5.5
417,antalaha,1,MG,1624721808,88,-14.9003,50.2788,69.85,8.84
418,moscow,99,RU,1624721808,40,55.7522,37.6156,90.03,4.52
419,port moresby,41,CD,1624721809,47,-7.0349,29.7638,76.89,3.49
420,rio grande,10,GR,1624721809,38,38.3,21.7833,100.6,10.49
421,ogaminana,100,NG,1624721809,79,7.5946,6.2248,77.81,1.79
422,huadian,100,CN,1624721810,94,42.9633,126.7478,61.95,1.79
423,sisimiut,74,GL,1624721810,81,66.9395,-53.6735,44.02,10.47
424,les cayes,65,ES,1624721810,46,42.8108,0.7105,85.55,3.98
425,toora-khem,20,RU,1624721811,70,52.4675,96.11,48.18,2.15
426,riyadh,3,SA,1624721811,7,24.6877,46.7219,107.74,9.91
427,mikun,46,RU,1624721811,54,62.3547,50.0771,73.18,2.08
428,cartagena,75,CO,1624721600,70,10.3997,-75.5144,83.82,10.36
429,kavaratti,11,IN,1624721812,70,10.5669,72.642,83.34,14.54
430,taldan,87,RU,1624721812,95,53.6667,124.8,60.87,2.26
431,huarmey,17,PE,1624721214,73,-10.0681,-78.1522,67.03,8.5
432,havre-saint-pierre,75,CA,1624721813,82,50.2334,-63.5986,70.39,6.91
433,gueret,100,FR,1624721565,45,46.1667,1.8667,76.66,3.51
434,vanderhoof,18,CA,1624721813,57,54.0166,-124.0198,74.61,1.88
435,zyryanskoye,100,RU,1624721814,90,56.8306,86.6258,50.86,6.87
436,pinega,100,RU,1624721814,53,64.7001,43.3936,71.73,5.86
437,tura,83,IN,1624721814,96,25.5198,90.2201,74.89,5.12
438,gayny,43,RU,1624721815,56,60.3071,54.3241,71.91,8.03
439,airai,56,TL,1624721815,94,-8.9266,125.4092,58.46,3.76
440,mayumba,100,GA,1624721815,86,-3.432,10.6554,75.16,7.05
441,aduturai,100,IN,1624721816,63,11.0147,79.4791,85.37,11.68
442,taltal,100,CL,1624721816,63,-25.4,-70.4833,64.42,7.63
443,bodden town,100,GB,1624721816,64,51.1954,-2.5161,68.56,10.18
444,tiruchchendur,97,IN,1624721817,64,8.4833,78.1167,84.51,12.8
445,talaya,49,RU,1624721817,75,61.3833,152.75,52.99,0.94
446,quelimane,20,MZ,1624721818,69,-17.8786,36.8883,78.75,6.91
447,cockburn town,0,AU,1624721246,67,-32.0833,141.0,41.92,7.52
448,putina,3,PE,1624721818,49,-15.4667,-69.4333,48.04,6.58
449,bideford,69,GB,1624721818,64,51.0179,-4.2046,67.84,9.48
450,chaman,0,PK,1624721819,9,30.9236,66.4512,83.46,9.53
451,ibotirama,0,BR,1624721819,23,-12.1853,-43.2206,88.95,3.8
452,tottori,100,JP,1624721819,78,35.5,134.2333,68.63,6.38
453,sunyani,100,GH,1624721820,60,7.3399,-2.3268,85.75,1.25
454,carballo,100,ES,1624721820,84,43.213,-8.691,71.58,5.37
455,namibe,22,AO,1624721820,63,-15.1961,12.1522,74.05,7.9
456,bonavista,77,CA,1624721821,66,48.6499,-53.1147,68.0,10.6
457,eureka,65,US,1624721720,74,40.8021,-124.1637,54.79,5.93
458,taubate,20,BR,1624721775,50,-23.0264,-45.5553,82.9,12.66
459,tuatapere,100,NZ,1624721256,92,-46.1333,167.6833,44.82,3.91
460,dukat,13,RU,1624721821,57,62.55,155.55,53.06,3.51
461,carutapera,42,BR,1624721822,73,-1.195,-46.02,82.8,6.78
462,korla,65,CN,1624721822,24,41.7597,86.1469,79.95,15.39
463,chapais,100,CA,1624721290,89,49.7834,-74.8492,65.98,4.07
464,tocopilla,53,CL,1624721820,65,-22.092,-70.1979,65.57,8.93
465,berdyaush,16,RU,1624721823,88,55.1619,59.1464,68.5,8.12
466,kanniyakumari,65,IN,1624721823,82,8.0833,77.5667,80.2,21.18
467,matagami,90,CA,1624721824,83,49.7502,-77.6328,69.91,3.44
468,ust-maya,100,RU,1624721824,66,60.4167,134.5333,58.55,1.86
469,pangody,18,RU,1624721824,47,65.85,74.4859,54.41,8.75
470,monticello,1,US,1624721731,77,45.3055,-93.7941,75.11,5.75
471,vila franca do campo,100,PT,1624721825,54,42.0304,-8.1588,73.74,8.08
472,beyla,72,GN,1624721825,74,8.6833,-8.6333,76.64,4.0
473,machico,20,PT,1624721645,60,32.7,-16.7667,75.7,17.27
474,kamaishi,63,JP,1624721826,93,39.2667,141.8833,65.23,4.74
475,andenes,100,NO,1624721290,87,69.3143,16.1194,54.07,5.75
476,kidal,13,ML,1624721827,9,18.4411,1.4078,107.29,2.73
477,boralday,75,KZ,1624721827,33,43.3578,76.8594,71.46,2.24
478,digras,43,IN,1624721828,60,20.1167,77.7167,86.54,11.32
479,empalme,20,MX,1624721730,79,27.9667,-110.8167,90.36,0.0
480,thinadhoo,89,MV,1624721828,74,0.5333,72.9333,82.71,13.87
481,guerrero negro,100,MX,1624721793,65,17.6667,-100.0,71.01,1.95
482,tortoli,41,IT,1624721829,54,39.9256,9.6572,80.29,4.29
483,deputatskiy,61,RU,1624721829,54,69.3,139.9,63.99,2.68
484,gidam,82,IN,1624721829,81,18.9833,81.4,78.82,1.9
485,xiuyan,100,CN,1624721830,96,40.2928,123.2744,65.71,9.06
486,lakatoro,40,VU,1624721830,76,-16.0999,167.4164,77.2,17.67
487,tuy hoa,81,PH,1624721234,84,14.0183,120.7296,83.46,3.69
488,myanaung,99,MM,1624721830,86,18.2833,95.3167,79.41,7.83
489,ngunguru,100,NZ,1624721831,83,-35.6167,174.5,60.17,15.05
490,trinidad,24,BO,1624721211,62,-14.8333,-64.9,85.98,11.5
491,hervey bay,49,US,1624721831,70,33.4982,-93.7771,85.06,10.67
492,tecoanapa,100,MX,1624721832,58,16.5167,-98.75,79.03,2.89
493,sabya,82,SA,1624721832,57,17.1495,42.6254,92.82,6.82
494,songjianghe,100,CN,1624721832,97,42.1859,127.479,56.93,3.83
495,codrington,83,AU,1624721833,94,-38.2667,141.9667,50.94,7.76
496,abu samrah,8,IN,1624721833,45,24.6,72.7,79.12,7.65
497,inuvik,75,CA,1624721833,76,68.3499,-133.7218,49.06,2.3
498,chicama,39,PE,1624721834,65,-7.8447,-79.1469,64.94,8.21
499,yaan,100,NG,1624721834,71,7.3833,8.5667,82.2,6.91
500,cedral,14,MX,1624721835,47,23.8,-100.7333,72.84,9.22
501,porto novo,75,PT,1624721721,72,41.1496,-8.611,75.29,1.99
502,atambua,57,ID,1624721835,88,-9.1061,124.8925,72.07,5.23
503,nador,20,MA,1624721639,69,35.174,-2.9287,82.47,8.05
504,yerbogachen,54,RU,1624721835,75,61.2767,108.0108,60.08,10.94
505,afsin,65,TR,1624721836,40,38.2477,36.914,76.06,6.98
506,gouyave,40,GD,1624721836,94,12.1646,-61.7296,75.97,16.11
507,tarrafal,71,CV,1624721836,82,15.2833,-23.7667,77.79,12.3
508,naze,100,JP,1624721837,91,28.3667,129.4833,77.27,11.61
509,konstantinovka,33,RU,1624721837,78,49.6167,127.9833,65.59,6.53
510,okhotsk,1,RU,1624721837,82,59.3833,143.3,52.23,6.11
511,sabzevar,0,IR,1624721774,12,36.2126,57.6819,90.68,9.22
512,marshall,75,US,1624721838,62,34.3834,-86.3333,83.07,1.99
513,qaqortoq,99,GL,1624721838,89,60.7167,-46.0333,57.7,4.72
514,mahajanga,20,MG,1624721839,69,-15.7167,46.3167,75.22,4.61
515,najran,100,SA,1624721839,8,17.4924,44.1277,95.65,11.97
516,isangel,22,VU,1624721839,71,-19.55,169.2667,73.6,13.31
517,nizhniy baskunchak,100,RU,1624721840,90,45.3926,39.2364,76.98,4.36
518,mpulungu,1,ZM,1624721840,50,-8.7623,31.1141,73.24,4.07
519,soligalich,92,RU,1624721840,91,59.0778,42.2864,69.12,4.43
520,bocaiuva,0,BR,1624721841,24,-17.1078,-43.815,76.71,10.94
521,sao miguel do oeste,84,IN,1624721841,70,20.5113,76.2129,79.61,10.13
522,amapa,33,BR,1624721251,55,1.0,-52.0,86.05,4.65
523,malatya,75,TR,1624721841,60,38.5,38.0,69.85,8.05
524,whitianga,94,NZ,1624721842,91,-36.8333,175.7,59.02,9.69
525,ponot,100,PH,1624721842,81,8.452,123.0222,79.47,2.26
526,talakan,84,RU,1624721843,93,50.3167,130.3667,63.39,2.28
527,svetlaya,100,RU,1624721843,97,46.5389,138.3297,55.71,3.96
528,hun,1,LY,1624721843,8,29.1268,15.9477,105.82,20.24
529,orotina,31,CR,1624721844,70,9.912,-84.5234,81.91,3.94
530,sur,0,OM,1624721844,51,22.5667,59.5289,90.48,13.38
531,basco,74,PH,1624721845,81,20.4487,121.9702,84.0,18.01
532,hay river,97,GB,1624721845,77,52.0705,-3.1274,70.21,13.2
533,veraval,96,IN,1624721845,73,20.9,70.3667,84.11,14.36
534,omsukchan,28,RU,1624721846,57,62.5333,155.8,54.39,3.42
535,trindade,0,BR,1624721846,21,-16.6494,-49.4889,82.15,9.57
536,kamenka,5,RU,1624721846,57,51.3223,42.7678,83.53,4.79
537,qasigiannguit,99,GL,1624721847,81,68.8193,-51.1922,46.65,6.58
538,sovetskiy,100,RU,1624721847,88,61.3614,63.5842,55.24,3.29
539,kawalu,53,ID,1624721847,98,-7.3817,108.2082,72.48,0.89
540,ottawa,75,CA,1624721590,93,45.4112,-75.6981,69.3,7.0
541,coahuayana,100,MX,1624721848,83,18.7333,-103.6833,85.48,3.6
542,verkhovazhye,60,RU,1624721848,66,60.7472,42.0465,78.58,3.62
543,roald,75,NO,1624721849,87,62.5833,6.1333,60.17,3.44
544,belmonte,47,BR,1624721849,59,-15.8631,-38.8828,72.1,13.0
545,maturin,62,VE,1624721849,78,9.75,-63.1767,81.55,5.73
546,olinda,20,BR,1624721624,57,-8.0089,-34.8553,80.33,14.97
547,san patricio,19,ML,1624721850,25,13.3034,-4.8956,100.09,8.86
548,kachug,59,RU,1624721850,87,53.9606,105.8817,54.59,2.98
549,pacific grove,99,US,1624721851,80,38.482,-90.7415,86.11,4.0
550,newport,100,GB,1624721819,56,51.5877,-2.9984,70.93,10.85
551,trairi,14,BR,1624721785,50,-3.2778,-39.2689,87.31,10.83
552,yulara,0,AU,1624721851,70,-25.2406,130.9889,44.44,8.05
553,port augusta,41,CD,1624721852,47,-7.0349,29.7638,76.89,3.49
554,pundaguitan,100,PH,1624721852,77,6.3711,126.1689,82.18,9.86
